,Date,Temperature
0,2013/01/01,13.0
1,2013/01/02,20.0
2,2013/01/03,15.0
3,2013/01/04,15.0
4,2013/01/05,19.0
5,2013/01/06,19.0
6,2013/01/07,20.0
7,2013/01/08,18.0
8,2013/01/09,16.0
9,2013/01/10,14.0
10,2013/01/11,16.0
11,2013/01/12,19.0
12,2013/01/13,21.0
13,2013/01/14,16.0
14,2013/01/15,19.0
15,2013/01/16,20.0
16,2013/01/17,15.0
17,2013/01/18,13.0
18,2013/01/19,18.0
19,2013/01/20,20.0
20,2013/01/21,21.0
21,2013/01/22,23.0
22,2013/01/23,18.0
23,2013/01/24,12.0
24,2013/01/25,14.0
25,2013/01/26,18.0
26,2013/01/27,14.0
27,2013/01/28,15.0
28,2013/01/29,17.0
29,2013/01/30,19.0
30,2013/01/31,21.0
31,2013/02/01,23.0
32,2013/02/02,19.0
33,2013/02/03,22.0
34,2013/02/04,25.0
35,2013/02/05,23.0
36,2013/02/06,21.0
37,2013/02/07,21.0
38,2013/02/08,14.0
39,2013/02/09,17.0
40,2013/02/10,20.0
41,2013/02/11,19.0
42,2013/02/12,22.0
43,2013/02/13,16.0
44,2013/02/14,22.0
45,2013/02/15,21.0
46,2013/02/16,16.0
47,2013/02/17,21.0
48,2013/02/18,24.0
49,2013/02/19,19.0
50,2013/02/20,14.0
51,2013/02/21,18.0
52,2013/02/22,22.0
53,2013/02/23,16.0
54,2013/02/24,19.0
55,2013/02/25,23.0
56,2013/02/26,23.0
57,2013/02/27,21.0
58,2013/02/28,21.0
59,2013/03/01,25.0
60,2013/03/02,15.0
61,2013/03/03,13.0
62,2013/03/04,17.0
63,2013/03/05,20.0
64,2013/03/06,22.0
65,2013/03/07,25.0
66,2013/03/08,24.0
67,2013/03/09,25.0
68,2013/03/10,26.0
69,2013/03/11,19.0
70,2013/03/12,25.0
71,2013/03/13,27.0
72,2013/03/14,16.0
73,2013/03/15,19.0
74,2013/03/16,23.0
75,2013/03/17,25.0
76,2013/03/18,27.0
77,2013/03/19,23.0
78,2013/03/20,27.0
79,2013/03/21,18.0
80,2013/03/22,26.0
81,2013/03/23,27.0
82,2013/03/24,25.0
83,2013/03/25,18.0
84,2013/03/26,22.0
85,2013/03/27,21.0
86,2013/03/28,19.0
87,2013/03/29,20.0
88,2013/03/30,20.0
89,2013/03/31,20.0
90,2013/04/01,20.0
91,2013/04/02,22.0
92,2013/04/03,17.0
93,2013/04/04,23.0
94,2013/04/05,24.0
95,2013/04/06,22.0
96,2013/04/07,17.0
97,2013/04/08,21.0
98,2013/04/09,22.0
99,2013/04/10,17.0
100,2013/04/11,17.0
101,2013/04/12,16.0
102,2013/04/13,18.0
103,2013/04/14,22.0
104,2013/04/15,25.0
105,2013/04/16,26.0
106,2013/04/17,25.0
107,2013/04/18,28.0
108,2013/04/19,22.0
109,2013/04/20,25.0
110,2013/04/21,17.0
111,2013/04/22,18.0
112,2013/04/23,27.0
113,2013/04/24,28.0
114,2013/04/25,23.0
115,2013/04/26,21.0
116,2013/04/27,18.0
117,2013/04/28,21.0
118,2013/04/29,27.0
119,2013/04/30,28.0
120,2013/05/01,18.0
121,2013/05/02,21.0
122,2013/05/03,23.0
123,2013/05/04,25.0
124,2013/05/05,24.0
125,2013/05/06,23.0
126,2013/05/07,25.0
127,2013/05/08,24.0
128,2013/05/09,26.0
129,2013/05/10,28.0
130,2013/05/11,24.0
131,2013/05/12,23.0
132,2013/05/13,27.0
133,2013/05/14,27.0
134,2013/05/15,29.0
135,2013/05/16,28.0
136,2013/05/17,29.0
137,2013/05/18,27.0
138,2013/05/19,30.0
139,2013/05/20,28.0
140,2013/05/21,29.0
141,2013/05/22,27.0
142,2013/05/23,27.0
143,2013/05/24,26.0
144,2013/05/25,27.0
145,2013/05/26,27.0
146,2013/05/27,30.0
147,2013/05/28,32.0
148,2013/05/29,32.0
149,2013/05/30,31.0
150,2013/05/31,30.0
151,2013/06/01,31.0
152,2013/06/02,32.0
153,2013/06/03,29.0
154,2013/06/04,28.0
155,2013/06/05,26.0
156,2013/06/06,29.0
157,2013/06/07,30.0
158,2013/06/08,32.0
159,2013/06/09,31.0
160,2013/06/10,25.0
161,2013/06/11,29.0
162,2013/06/12,26.0
163,2013/06/13,28.0
164,2013/06/14,27.0
165,2013/06/15,30.0
166,2013/06/16,28.0
167,2013/06/17,29.0
168,2013/06/18,31.0
169,2013/06/19,31.0
170,2013/06/20,29.0
171,2013/06/21,33.0
172,2013/06/22,31.0
173,2013/06/23,34.0
174,2013/06/24,32.0
175,2013/06/25,32.0
176,2013/06/26,30.0
177,2013/06/27,33.0
178,2013/06/28,33.0
179,2013/06/29,33.0
180,2013/06/30,33.0
181,2013/07/01,34.0
182,2013/07/02,34.0
183,2013/07/03,33.0
184,2013/07/04,34.0
185,2013/07/05,33.0
186,2013/07/06,33.0
187,2013/07/07,34.0
188,2013/07/08,32.0
189,2013/07/09,33.0
190,2013/07/10,32.0
191,2013/07/11,32.0
192,2013/07/12,33.0
193,2013/07/13,32.0
194,2013/07/14,31.0
195,2013/07/15,32.0
196,2013/07/16,31.0
197,2013/07/17,31.0
198,2013/07/18,27.0
199,2013/07/19,29.0
200,2013/07/20,31.0
201,2013/07/21,31.0
202,2013/07/22,32.0
203,2013/07/23,33.0
204,2013/07/24,32.0
205,2013/07/25,32.0
206,2013/07/26,32.0
207,2013/07/27,32.0
208,2013/07/28,32.0
209,2013/07/29,32.0
210,2013/07/30,32.0
211,2013/07/31,34.0
212,2013/08/01,32.0
213,2013/08/02,31.0
214,2013/08/03,33.0
215,2013/08/04,35.0
216,2013/08/05,33.0
217,2013/08/06,33.0
218,2013/08/07,33.0
219,2013/08/08,33.0
220,2013/08/09,33.0
221,2013/08/10,33.0
222,2013/08/11,33.0
223,2013/08/12,34.0
224,2013/08/13,32.0
225,2013/08/14,31.0
226,2013/08/15,30.0
227,2013/08/16,31.0
228,2013/08/17,31.0
229,2013/08/18,32.0
230,2013/08/19,33.0
231,2013/08/20,29.0
232,2013/08/21,28.0
233,2013/08/22,29.0
234,2013/08/23,30.0
235,2013/08/24,31.0
236,2013/08/25,31.0
237,2013/08/26,32.0
238,2013/08/27,31.0
239,2013/08/28,30.0
240,2013/08/29,28.0
241,2013/08/30,31.0
242,2013/08/31,30.0
243,2013/09/01,25.0
244,2013/09/02,29.0
245,2013/09/03,29.0
246,2013/09/04,29.0
247,2013/09/05,33.0
248,2013/09/06,32.0
249,2013/09/07,30.0
250,2013/09/08,35.0
251,2013/09/09,36.0
252,2013/09/10,31.0
253,2013/09/11,31.0
254,2013/09/12,29.0
255,2013/09/13,32.0
256,2013/09/14,31.0
257,2013/09/15,32.0
258,2013/09/16,30.0
259,2013/09/17,28.0
260,2013/09/18,26.0
261,2013/09/19,30.0
262,2013/09/20,27.0
263,2013/09/21,28.0
264,2013/09/22,27.0
265,2013/09/23,27.0
266,2013/09/24,30.0
267,2013/09/25,29.0
268,2013/09/26,24.0
269,2013/09/27,27.0
270,2013/09/28,27.0
271,2013/09/29,29.0
272,2013/09/30,26.0
273,2013/10/02,26.0
274,2013/10/03,23.0
275,2013/10/04,26.0
276,2013/10/05,25.0
277,2013/10/06,28.0
278,2013/10/07,28.0
279,2013/10/08,29.0
280,2013/10/09,25.0
281,2013/10/10,28.0
282,2013/10/11,28.0
283,2013/10/12,25.0
284,2013/10/13,26.0
285,2013/10/14,27.0
286,2013/10/15,29.0
287,2013/10/16,23.0
288,2013/10/17,25.0
289,2013/10/18,24.0
290,2013/10/19,24.0
291,2013/10/20,26.0
292,2013/10/21,22.0
293,2013/10/22,25.0
294,2013/10/23,26.0
295,2013/10/24,23.0
296,2013/10/25,23.0
297,2013/10/26,22.0
298,2013/10/27,23.0
299,2013/10/28,24.0
300,2013/10/29,25.0
301,2013/10/30,25.0
302,2013/10/31,25.0
303,2013/11/01,25.0
304,2013/11/02,24.0
305,2013/11/03,26.0
306,2013/11/04,21.0
307,2013/11/05,21.0
308,2013/11/06,23.0
309,2013/11/07,22.0
310,2013/11/08,25.0
311,2013/11/09,26.0
312,2013/11/10,27.0
313,2013/11/11,21.0
314,2013/11/12,19.0
315,2013/11/13,19.0
316,2013/11/14,23.0
317,2013/11/15,21.0
318,2013/11/16,21.0
319,2013/11/17,22.0
320,2013/11/18,20.0
321,2013/11/19,19.0
322,2013/11/20,20.0
323,2013/11/21,19.0
324,2013/11/22,18.0
325,2013/11/23,24.0
326,2013/11/24,25.0
327,2013/11/25,18.0
328,2013/11/26,20.0
329,2013/11/27,23.0
330,2013/11/28,15.0
331,2013/11/29,16.0
332,2013/11/30,18.0
333,2013/12/01,20.0
334,2013/12/02,20.0
335,2013/12/03,20.0
336,2013/12/04,21.0
337,2013/12/05,19.0
338,2013/12/06,19.0
339,2013/12/07,18.0
340,2013/12/08,18.0
341,2013/12/09,22.0
342,2013/12/10,16.0
343,2013/12/11,16.0
344,2013/12/12,15.0
345,2013/12/13,19.0
346,2013/12/14,18.0
347,2013/12/15,18.0
348,2013/12/16,20.0
349,2013/12/17,18.0
350,2013/12/18,17.0
351,2013/12/19,15.0
352,2013/12/20,13.0
353,2013/12/21,13.0
354,2013/12/22,15.0
355,2013/12/23,16.0
356,2013/12/24,14.0
357,2013/12/25,17.0
358,2013/12/26,16.0
359,2013/12/27,12.0
360,2013/12/28,14.0
361,2013/12/29,12.0
362,2013/12/30,14.0
363,2013/12/31,17.0
364,2014/01/01,19.0
365,2014/01/02,22.0
366,2014/01/03,23.0
367,2014/01/04,19.0
368,2014/01/05,17.0
369,2014/01/06,18.0
370,2014/01/07,21.0
371,2014/01/08,23.0
372,2014/01/09,15.0
373,2014/01/10,13.0
374,2014/01/11,18.0
375,2014/01/12,20.0
376,2014/01/13,16.0
377,2014/01/14,14.0
378,2014/01/15,14.0
379,2014/01/16,15.0
380,2014/01/17,19.0
381,2014/01/18,16.0
382,2014/01/19,18.0
383,2014/01/20,20.0
384,2014/01/21,14.0
385,2014/01/22,13.0
386,2014/01/23,17.0
387,2014/01/24,19.0
388,2014/01/25,23.0
389,2014/01/26,18.0
390,2014/01/27,19.0
391,2014/01/28,21.0
392,2014/01/29,21.0
393,2014/01/30,21.0
394,2014/01/31,23.0
395,2014/02/01,23.0
396,2014/02/02,22.0
397,2014/02/03,23.0
398,2014/02/04,15.0
399,2014/02/05,16.0
400,2014/02/06,23.0
401,2014/02/07,19.0
402,2014/02/08,16.0
403,2014/02/09,15.0
404,2014/02/10,12.0
405,2014/02/11,12.0
406,2014/02/12,13.0
407,2014/02/13,16.0
408,2014/02/14,14.0
409,2014/02/15,13.0
410,2014/02/16,17.0
411,2014/02/17,22.0
412,2014/02/18,20.0
413,2014/02/19,15.0
414,2014/02/20,14.0
415,2014/02/21,14.0
416,2014/02/22,18.0
417,2014/02/23,19.0
418,2014/02/24,22.0
419,2014/02/25,22.0
420,2014/02/26,23.0
421,2014/02/27,18.0
422,2014/02/28,20.0
423,2014/03/01,22.0
424,2014/03/02,16.0
425,2014/03/03,16.0
426,2014/03/04,22.0
427,2014/03/05,16.0
428,2014/03/06,14.0
429,2014/03/07,15.0
430,2014/03/08,21.0
431,2014/03/09,15.0
432,2014/03/10,14.0
433,2014/03/11,18.0
434,2014/03/12,21.0
435,2014/03/13,17.0
436,2014/03/14,15.0
437,2014/03/15,18.0
438,2014/03/16,18.0
439,2014/03/17,23.0
440,2014/03/18,24.0
441,2014/03/19,25.0
442,2014/03/20,20.0
443,2014/03/21,13.0
444,2014/03/22,17.0
445,2014/03/23,20.0
446,2014/03/24,21.0
447,2014/03/25,24.0
448,2014/03/26,26.0
449,2014/03/27,26.0
450,2014/03/28,24.0
451,2014/03/29,28.0
452,2014/03/30,22.0
453,2014/03/31,21.0
454,2014/04/01,25.0
455,2014/04/02,21.0
456,2014/04/03,21.0
457,2014/04/04,20.0
458,2014/04/05,22.0
459,2014/04/06,19.0
460,2014/04/07,19.0
461,2014/04/08,23.0
462,2014/04/09,24.0
463,2014/04/10,22.0
464,2014/04/11,23.0
465,2014/04/12,27.0
466,2014/04/13,28.0
467,2014/04/14,21.0
468,2014/04/15,23.0
469,2014/04/16,26.0
470,2014/04/17,28.0
471,2014/04/18,28.0
472,2014/04/19,26.0
473,2014/04/20,24.0
474,2014/04/21,22.0
475,2014/04/22,25.0
476,2014/04/23,21.0
477,2014/04/24,24.0
478,2014/04/25,25.0
479,2014/04/26,26.0
480,2014/04/27,27.0
481,2014/04/28,23.0
482,2014/04/29,21.0
483,2014/04/30,21.0
484,2014/05/01,21.0
485,2014/05/02,22.0
486,2014/05/03,21.0
487,2014/05/04,25.0
488,2014/05/05,20.0
489,2014/05/06,18.0
490,2014/05/07,23.0
491,2014/05/08,25.0
492,2014/05/09,23.0
493,2014/05/10,27.0
494,2014/05/11,28.0
495,2014/05/12,29.0
496,2014/05/13,30.0
497,2014/05/14,30.0
498,2014/05/15,29.0
499,2014/05/16,25.0
500,2014/05/17,28.0
501,2014/05/18,30.0
502,2014/05/19,27.0
503,2014/05/20,27.0
504,2014/05/21,22.0
505,2014/05/22,26.0
506,2014/05/23,27.0
507,2014/05/24,28.0
508,2014/05/25,29.0
509,2014/05/26,31.0
510,2014/05/27,29.0
511,2014/05/28,30.0
512,2014/05/29,28.0
513,2014/05/30,31.0
514,2014/05/31,29.0
515,2014/06/01,30.0
516,2014/06/02,30.0
517,2014/06/03,28.0
518,2014/06/04,28.0
519,2014/06/05,29.0
520,2014/06/06,25.0
521,2014/06/07,28.0
522,2014/06/08,29.0
523,2014/06/09,29.0
524,2014/06/10,27.0
525,2014/06/11,26.0
526,2014/06/12,27.0
527,2014/06/13,29.0
528,2014/06/14,29.0
529,2014/06/15,28.0
530,2014/06/16,32.0
531,2014/06/17,31.0
532,2014/06/18,32.0
533,2014/06/19,30.0
534,2014/06/20,31.0
535,2014/06/21,32.0
536,2014/06/22,32.0
537,2014/06/23,27.0
538,2014/06/24,29.0
539,2014/06/25,31.0
540,2014/06/26,31.0
541,2014/06/27,33.0
542,2014/06/28,33.0
543,2014/06/29,32.0
544,2014/06/30,31.0
545,2014/07/01,32.0
546,2014/07/02,33.0
547,2014/07/03,32.0
548,2014/07/04,33.0
549,2014/07/05,33.0
550,2014/07/06,33.0
551,2014/07/07,34.0
552,2014/07/08,30.0
553,2014/07/09,33.0
554,2014/07/10,33.0
555,2014/07/11,33.0
556,2014/07/12,34.0
557,2014/07/13,33.0
558,2014/07/14,33.0
559,2014/07/15,34.0
560,2014/07/16,33.0
561,2014/07/17,33.0
562,2014/07/18,33.0
563,2014/07/19,31.0
564,2014/07/20,33.0
565,2014/07/21,33.0
566,2014/07/22,30.0
567,2014/07/23,27.0
568,2014/07/24,30.0
569,2014/07/25,32.0
570,2014/07/26,32.0
571,2014/07/27,32.0
572,2014/07/28,31.0
573,2014/07/29,32.0
574,2014/07/30,32.0
575,2014/07/31,34.0
576,2014/08/01,33.0
577,2014/08/02,33.0
578,2014/08/03,32.0
579,2014/08/04,32.0
580,2014/08/05,31.0
581,2014/08/06,32.0
582,2014/08/07,32.0
583,2014/08/08,32.0
584,2014/08/09,33.0
585,2014/08/10,33.0
586,2014/08/11,31.0
587,2014/08/12,31.0
588,2014/08/13,31.0
589,2014/08/14,32.0
590,2014/08/15,32.0
591,2014/08/16,31.0
592,2014/08/17,31.0
593,2014/08/18,32.0
594,2014/08/19,31.0
595,2014/08/20,31.0
596,2014/08/21,31.0
597,2014/08/22,31.0
598,2014/08/23,31.0
599,2014/08/24,32.0
600,2014/08/25,32.0
601,2014/08/26,33.0
602,2014/08/27,33.0
603,2014/08/28,33.0
604,2014/08/29,33.0
605,2014/08/30,32.0
606,2014/08/31,32.0
607,2014/09/01,32.0
608,2014/09/02,32.0
609,2014/09/03,33.0
610,2014/09/04,32.0
611,2014/09/05,33.0
612,2014/09/06,33.0
613,2014/09/07,33.0
614,2014/09/08,32.0
615,2014/09/09,33.0
616,2014/09/10,32.0
617,2014/09/11,32.0
618,2014/09/12,33.0
619,2014/09/13,32.0
620,2014/09/14,30.0
621,2014/09/15,33.0
622,2014/09/16,34.0
623,2014/09/17,32.0
624,2014/09/18,30.0
625,2014/09/19,32.0
626,2014/09/20,34.0
627,2014/09/21,32.0
628,2014/09/22,28.0
629,2014/09/23,28.0
630,2014/09/24,28.0
631,2014/09/25,30.0
632,2014/09/26,27.0
633,2014/09/27,29.0
634,2014/09/28,29.0
635,2014/09/29,30.0
636,2014/09/30,30.0
637,2014/10/01,27.0
638,2014/10/02,28.0
639,2014/10/03,27.0
640,2014/10/04,26.0
641,2014/10/05,28.0
642,2014/10/06,26.0
643,2014/10/07,23.0
644,2014/10/08,22.0
645,2014/10/09,23.0
646,2014/10/10,28.0
647,2014/10/11,27.0
648,2014/10/12,28.0
649,2014/10/13,27.0
650,2014/10/14,23.0
651,2014/10/15,24.0
652,2014/10/16,24.0
653,2014/10/17,25.0
654,2014/10/18,24.0
655,2014/10/19,27.0
656,2014/10/20,29.0
657,2014/10/21,30.0
658,2014/10/22,25.0
659,2014/10/23,22.0
660,2014/10/24,22.0
661,2014/10/25,23.0
662,2014/10/26,28.0
663,2014/10/27,24.0
664,2014/10/28,23.0
665,2014/10/29,27.0
666,2014/10/30,28.0
667,2014/10/31,27.0
668,2014/11/01,28.0
669,2014/11/02,23.0
670,2014/11/03,21.0
671,2014/11/04,20.0
672,2014/11/05,23.0
673,2014/11/06,24.0
674,2014/11/07,21.0
675,2014/11/08,26.0
676,2014/11/09,25.0
677,2014/11/10,21.0
678,2014/11/11,23.0
679,2014/11/12,22.0
680,2014/11/13,17.0
681,2014/11/14,18.0
682,2014/11/15,19.0
683,2014/11/16,25.0
684,2014/11/17,20.0
685,2014/11/18,18.0
686,2014/11/19,21.0
687,2014/11/20,23.0
688,2014/11/21,25.0
689,2014/11/22,26.0
690,2014/11/23,26.0
691,2014/11/24,26.0
692,2014/11/25,25.0
693,2014/11/26,24.0
694,2014/11/27,23.0
695,2014/11/28,27.0
696,2014/11/29,26.0
697,2014/11/30,27.0
698,2014/12/01,20.0
699,2014/12/02,16.0
700,2014/12/03,21.0
701,2014/12/04,17.0
702,2014/12/05,16.0
703,2014/12/06,17.0
704,2014/12/07,20.0
705,2014/12/08,17.0
706,2014/12/09,17.0
707,2014/12/10,22.0
708,2014/12/11,19.0
709,2014/12/12,16.0
710,2014/12/13,16.0
711,2014/12/14,16.0
712,2014/12/15,22.0
713,2014/12/16,15.0
714,2014/12/17,12.0
715,2014/12/18,15.0
716,2014/12/19,17.0
717,2014/12/20,16.0
718,2014/12/21,15.0
719,2014/12/22,13.0
720,2014/12/23,18.0
721,2014/12/24,23.0
722,2014/12/25,17.0
723,2014/12/26,15.0
724,2014/12/27,16.0
725,2014/12/28,16.0
726,2014/12/29,17.0
727,2014/12/30,18.0
728,2014/12/31,19.0
729,2015/01/01,15.0
730,2015/01/01,15.0
731,2015/01/02,17.0
732,2015/01/03,20.0
733,2015/01/04,20.0
734,2015/01/05,24.0
735,2015/01/06,17.0
736,2015/01/07,14.0
737,2015/01/08,16.0
738,2015/01/09,15.0
739,2015/01/10,14.0
740,2015/01/11,15.0
741,2015/01/12,19.0
742,2015/01/13,19.0
743,2015/01/14,17.0
744,2015/01/15,19.0
745,2015/01/16,15.0
746,2015/01/17,17.0
747,2015/01/18,16.0
748,2015/01/19,17.0
749,2015/01/20,20.0
750,2015/01/21,19.0
751,2015/01/22,17.0
752,2015/01/23,19.0
753,2015/01/24,21.0
754,2015/01/25,22.0
755,2015/01/26,18.0
756,2015/01/27,15.0
757,2015/01/28,19.0
758,2015/01/29,18.0
759,2015/01/30,14.0
760,2015/01/31,14.0
761,2015/02/01,17.0
762,2015/02/02,17.0
763,2015/02/03,16.0
764,2015/02/04,13.0
765,2015/02/05,12.0
766,2015/02/06,17.0
767,2015/02/07,13.0
768,2015/02/08,11.0
769,2015/02/09,14.0
770,2015/02/10,18.0
771,2015/02/11,19.0
772,2015/02/12,18.0
773,2015/02/13,20.0
774,2015/02/14,22.0
775,2015/02/15,23.0
776,2015/02/16,18.0
777,2015/02/17,17.0
778,2015/02/18,15.0
779,2015/02/19,20.0
780,2015/02/20,23.0
781,2015/02/21,22.0
782,2015/02/22,20.0
783,2015/02/23,22.0
784,2015/02/24,24.0
785,2015/02/25,25.0
786,2015/02/26,20.0
787,2015/02/27,22.0
788,2015/02/28,16.0
789,2015/03/01,15.0
790,2015/03/02,23.0
791,2015/03/03,15.0
792,2015/03/04,15.0
793,2015/03/05,15.0
794,2015/03/06,18.0
795,2015/03/07,18.0
796,2015/03/08,18.0
797,2015/03/09,13.0
798,2015/03/10,13.0
799,2015/03/11,15.0
800,2015/03/12,22.0
801,2015/03/13,23.0
802,2015/03/14,24.0
803,2015/03/15,25.0
804,2015/03/16,26.0
805,2015/03/17,26.0
806,2015/03/18,28.0
807,2015/03/19,25.0
808,2015/03/20,23.0
809,2015/03/21,18.0
810,2015/03/22,18.0
811,2015/03/23,16.0
812,2015/03/24,16.0
813,2015/03/25,18.0
814,2015/03/26,20.0
815,2015/03/27,19.0
816,2015/03/28,23.0
817,2015/03/29,24.0
818,2015/03/30,26.0
819,2015/03/31,29.0
820,2015/04/01,27.0
821,2015/04/02,28.0
822,2015/04/03,28.0
823,2015/04/04,29.0
824,2015/04/05,30.0
825,2015/04/06,20.0
826,2015/04/07,17.0
827,2015/04/08,17.0
828,2015/04/09,19.0
829,2015/04/10,17.0
830,2015/04/11,23.0
831,2015/04/12,21.0
832,2015/04/13,23.0
833,2015/04/14,24.0
834,2015/04/15,27.0
835,2015/04/16,28.0
836,2015/04/17,28.0
837,2015/04/18,28.0
838,2015/04/19,28.0
839,2015/04/20,18.0
840,2015/04/21,20.0
841,2015/04/22,24.0
842,2015/04/23,24.0
843,2015/04/24,21.0
844,2015/04/25,22.0
845,2015/04/26,27.0
846,2015/04/27,28.0
847,2015/04/28,26.0
848,2015/04/29,23.0
849,2015/04/30,25.0
850,2015/05/01,28.0
851,2015/05/02,29.0
852,2015/05/03,24.0
853,2015/05/04,19.0
854,2015/05/05,27.0
855,2015/05/06,27.0
856,2015/05/07,24.0
857,2015/05/08,30.0
858,2015/05/09,27.0
859,2015/05/10,28.0
860,2015/05/11,21.0
861,2015/05/12,27.0
862,2015/05/13,30.0
863,2015/05/14,31.0
864,2015/05/15,30.0
865,2015/05/16,30.0
866,2015/05/17,30.0
867,2015/05/18,30.0
868,2015/05/19,24.0
869,2015/05/20,21.0
870,2015/05/21,25.0
871,2015/05/22,29.0
872,2015/05/23,27.0
873,2015/05/24,24.0
874,2015/05/25,25.0
875,2015/05/26,29.0
876,2015/05/27,31.0
877,2015/05/28,32.0
878,2015/05/29,32.0
879,2015/05/30,30.0
880,2015/05/31,29.0
881,2015/06/01,30.0
882,2015/06/02,31.0
883,2015/06/03,29.0
884,2015/06/04,31.0
885,2015/06/05,26.0
886,2015/06/06,29.0
887,2015/06/07,31.0
888,2015/06/08,32.0
889,2015/06/09,32.0
890,2015/06/10,32.0
891,2015/06/11,33.0
892,2015/06/12,32.0
893,2015/06/13,33.0
894,2015/06/14,33.0
895,2015/06/15,32.0
896,2015/06/16,32.0
897,2015/06/17,32.0
898,2015/06/18,33.0
899,2015/06/19,32.0
900,2015/06/20,31.0
901,2015/06/21,32.0
902,2015/06/22,33.0
903,2015/06/23,32.0
904,2015/06/24,33.0
905,2015/06/25,33.0
906,2015/06/26,33.0
907,2015/06/27,33.0
908,2015/06/28,33.0
909,2015/06/29,33.0
910,2015/06/30,33.0
911,2015/07/01,33.0
912,2015/07/02,33.0
913,2015/07/03,32.0
914,2015/07/04,33.0
915,2015/07/05,32.0
916,2015/07/06,33.0
917,2015/07/07,33.0
918,2015/07/08,31.0
919,2015/07/09,30.0
920,2015/07/10,30.0
921,2015/07/11,33.0
922,2015/07/12,32.0
923,2015/07/13,32.0
924,2015/07/14,31.0
925,2015/07/15,32.0
926,2015/07/16,32.0
927,2015/07/17,31.0
928,2015/07/18,33.0
929,2015/07/19,30.0
930,2015/07/20,32.0
931,2015/07/21,32.0
932,2015/07/22,32.0
933,2015/07/23,32.0
934,2015/07/24,32.0
935,2015/07/25,32.0
936,2015/07/26,32.0
937,2015/07/27,33.0
938,2015/07/28,32.0
939,2015/07/29,32.0
940,2015/07/30,31.0
941,2015/07/31,32.0
942,2015/08/01,32.0
943,2015/08/02,32.0
944,2015/08/03,32.0
945,2015/08/04,32.0
946,2015/08/05,32.0
947,2015/08/06,28.0
948,2015/08/07,27.0
949,2015/08/08,26.0
950,2015/08/09,31.0
951,2015/08/10,31.0
952,2015/08/11,32.0
953,2015/08/12,32.0
954,2015/08/13,32.0
955,2015/08/14,32.0
956,2015/08/15,32.0
957,2015/08/16,33.0
958,2015/08/17,32.0
959,2015/08/18,32.0
960,2015/08/19,32.0
961,2015/08/20,32.0
962,2015/08/21,28.0
963,2015/08/22,27.0
964,2015/08/23,33.0
965,2015/08/24,28.0
966,2015/08/25,30.0
967,2015/08/26,27.0
968,2015/08/27,28.0
969,2015/08/28,28.0
970,2015/08/29,28.0
971,2015/08/30,29.0
972,2015/08/31,31.0
973,2015/09/01,31.0
974,2015/09/02,31.0
975,2015/09/03,31.0
976,2015/09/04,31.0
977,2015/09/05,32.0
978,2015/09/06,24.0
979,2015/09/07,30.0
980,2015/09/08,29.0
981,2015/09/09,29.0
982,2015/09/10,29.0
983,2015/09/11,29.0
984,2015/09/12,30.0
985,2015/09/13,29.0
986,2015/09/14,31.0
987,2015/09/15,27.0
988,2015/09/16,29.0
989,2015/09/17,29.0
990,2015/09/18,28.0
991,2015/09/19,29.0
992,2015/09/20,29.0
993,2015/09/21,31.0
994,2015/09/22,32.0
995,2015/09/23,31.0
996,2015/09/24,28.0
997,2015/09/25,27.0
998,2015/09/26,29.0
999,2015/09/27,29.0
1000,2015/09/28,30.0
1001,2015/09/29,32.0
1002,2015/09/30,31.0
1003,2015/10/01,26.0
1004,2015/10/02,30.0
1005,2015/10/03,32.0
1006,2015/10/04,30.0
1007,2015/10/05,28.0
1008,2015/10/06,27.0
1009,2015/10/07,29.0
1010,2015/10/08,24.0
1011,2015/10/09,27.0
1012,2015/10/10,24.0
1013,2015/10/11,25.0
1014,2015/10/12,23.0
1015,2015/10/13,25.0
1016,2015/10/14,27.0
1017,2015/10/15,26.0
1018,2015/10/16,27.0
1019,2015/10/17,23.0
1020,2015/10/18,24.0
1021,2015/10/19,25.0
1022,2015/10/20,24.0
1023,2015/10/21,24.0
1024,2015/10/22,28.0
1025,2015/10/23,26.0
1026,2015/10/24,26.0
1027,2015/10/25,25.0
1028,2015/10/26,28.0
1029,2015/10/27,25.0
1030,2015/10/28,28.0
1031,2015/10/29,28.0
1032,2015/10/30,23.0
1033,2015/10/31,21.0
1034,2015/11/01,20.0
1035,2015/11/02,22.0
1036,2015/11/03,25.0
1037,2015/11/04,28.0
1038,2015/11/05,28.0
1039,2015/11/06,30.0
1040,2015/11/07,29.0
1041,2015/11/08,28.0
1042,2015/11/09,21.0
1043,2015/11/10,21.0
1044,2015/11/11,23.0
1045,2015/11/12,28.0
1046,2015/11/13,25.0
1047,2015/11/14,23.0
1048,2015/11/15,28.0
1049,2015/11/16,29.0
1050,2015/11/17,30.0
1051,2015/11/18,24.0
1052,2015/11/19,24.0
1053,2015/11/20,23.0
1054,2015/11/21,27.0
1055,2015/11/22,27.0
1056,2015/11/23,26.0
1057,2015/11/24,23.0
1058,2015/11/25,18.0
1059,2015/11/26,16.0
1060,2015/11/27,23.0
1061,2015/11/28,26.0
1062,2015/11/29,23.0
1063,2015/11/30,21.0
1064,2015/12/01,25.0
1065,2015/12/02,18.0
1066,2015/12/03,18.0
1067,2015/12/04,19.0
1068,2015/12/05,22.0
1069,2015/12/06,19.0
1070,2015/12/07,19.0
1071,2015/12/08,24.0
1072,2015/12/09,22.0
1073,2015/12/10,20.0
1074,2015/12/11,18.0
1075,2015/12/12,23.0
1076,2015/12/13,23.0
1077,2015/12/14,18.0
1078,2015/12/15,16.0
1079,2015/12/16,13.0
1080,2015/12/17,16.0
1081,2015/12/18,19.0
1082,2015/12/19,22.0
1083,2015/12/20,24.0
1084,2015/12/21,25.0
1085,2015/12/22,25.0
1086,2015/12/23,27.0
1087,2015/12/24,19.0
1088,2015/12/25,18.0
1089,2015/12/26,20.0
1090,2015/12/27,18.0
1091,2015/12/28,17.0
1092,2015/12/29,17.0
1093,2015/12/30,16.0
1094,2015/12/31,18.0
1095,2016/01/01,17.0
1096,2016/01/02,23.0
1097,2016/01/03,21.0
1098,2016/01/04,23.0
1099,2016/01/05,22.0
1100,2016/01/06,21.0
1101,2016/01/07,18.0
1102,2016/01/08,18.0
1103,2016/01/09,17.0
1104,2016/01/10,21.0
1105,2016/01/11,20.0
1106,2016/01/12,19.0
1107,2016/01/13,16.0
1108,2016/01/14,16.0
1109,2016/01/15,18.0
1110,2016/01/16,19.0
1111,2016/01/17,21.0
1112,2016/01/18,16.0
1113,2016/01/19,14.0
1114,2016/01/20,14.0
1115,2016/01/21,20.0
1116,2016/01/22,17.0
1117,2016/01/23,13.0
1118,2016/01/24,7.8
1119,2016/01/25,8.6
1120,2016/01/26,13.0
1121,2016/01/27,19.0
1122,2016/01/28,19.0
1123,2016/01/29,20.0
1124,2016/01/30,18.0
1125,2016/01/31,17.0
1126,2016/02/01,16.0
1127,2016/02/02,14.0
1128,2016/02/03,16.0
1129,2016/02/04,19.0
1130,2016/02/05,17.0
1131,2016/02/06,14.0
1132,2016/02/07,15.0
1133,2016/02/08,17.0
1134,2016/02/09,19.0
1135,2016/02/10,22.0
1136,2016/02/11,23.0
1137,2016/02/12,25.0
1138,2016/02/13,27.0
1139,2016/02/14,23.0
1140,2016/02/15,12.0
1141,2016/02/16,13.0
1142,2016/02/17,15.0
1143,2016/02/18,16.0
1144,2016/02/19,23.0
1145,2016/02/20,15.0
1146,2016/02/21,14.0
1147,2016/02/22,21.0
1148,2016/02/23,17.0
1149,2016/02/24,14.0
1150,2016/02/25,14.0
1151,2016/02/26,14.0
1152,2016/02/27,20.0
1153,2016/02/28,19.0
1154,2016/02/29,17.0
1155,2016/03/01,16.0
1156,2016/03/02,18.0
1157,2016/03/03,21.0
1158,2016/03/04,22.0
1159,2016/03/05,24.0
1160,2016/03/06,25.0
1161,2016/03/07,24.0
1162,2016/03/08,25.0
1163,2016/03/09,18.0
1164,2016/03/10,15.0
1165,2016/03/11,14.0
1166,2016/03/12,15.0
1167,2016/03/13,21.0
1168,2016/03/14,15.0
1169,2016/03/15,14.0
1170,2016/03/16,19.0
1171,2016/03/17,21.0
1172,2016/03/18,24.0
1173,2016/03/19,23.0
1174,2016/03/20,20.0
1175,2016/03/21,18.0
1176,2016/03/22,23.0
1177,2016/03/23,20.0
1178,2016/03/24,14.0
1179,2016/03/25,14.0
1180,2016/03/26,16.0
1181,2016/03/27,17.0
1182,2016/03/28,18.0
1183,2016/03/29,22.0
1184,2016/03/30,23.0
1185,2016/03/31,24.0
1186,2016/04/01,21.0
1187,2016/04/02,26.0
1188,2016/04/03,26.0
1189,2016/04/04,25.0
1190,2016/04/05,26.0
1191,2016/04/06,28.0
1192,2016/04/07,30.0
1193,2016/04/08,24.0
1194,2016/04/09,23.0
1195,2016/04/10,26.0
1196,2016/04/11,20.0
1197,2016/04/12,25.0
1198,2016/04/13,25.0
1199,2016/04/14,21.0
1200,2016/04/15,22.0
1201,2016/04/16,28.0
1202,2016/04/17,25.0
1203,2016/04/18,23.0
1204,2016/04/19,19.0
1205,2016/04/20,27.0
1206,2016/04/21,30.0
1207,2016/04/22,27.0
1208,2016/04/23,28.0
1209,2016/04/24,25.0
1210,2016/04/25,26.0
1211,2016/04/26,28.0
1212,2016/04/27,27.0
1213,2016/04/28,22.0
1214,2016/04/29,24.0
1215,2016/04/30,24.0
1216,2016/05/01,23.0
1217,2016/05/02,28.0
1218,2016/05/03,29.0
1219,2016/05/04,27.0
1220,2016/05/05,28.0
1221,2016/05/06,30.0
1222,2016/05/07,30.0
1223,2016/05/08,30.0
1224,2016/05/09,29.0
1225,2016/05/10,30.0
1226,2016/05/11,21.0
1227,2016/05/12,27.0
1228,2016/05/13,29.0
1229,2016/05/14,27.0
1230,2016/05/15,30.0
1231,2016/05/16,22.0
1232,2016/05/17,20.0
1233,2016/05/18,27.0
1234,2016/05/19,26.0
1235,2016/05/20,26.0
1236,2016/05/21,25.0
1237,2016/05/22,27.0
1238,2016/05/23,26.0
1239,2016/05/24,27.0
1240,2016/05/25,25.0
1241,2016/05/26,30.0
1242,2016/05/27,31.0
1243,2016/05/28,31.0
1244,2016/05/29,31.0
1245,2016/05/30,32.0
1246,2016/05/31,31.0
1247,2016/06/01,31.0
1248,2016/06/02,27.0
1249,2016/06/03,30.0
1250,2016/06/04,32.0
1251,2016/06/05,30.0
1252,2016/06/06,30.0
1253,2016/06/07,29.0
1254,2016/06/08,30.0
1255,2016/06/09,31.0
1256,2016/06/10,29.0
1257,2016/06/11,28.0
1258,2016/06/12,28.0
1259,2016/06/13,25.0
1260,2016/06/14,25.0
1261,2016/06/15,31.0
1262,2016/06/16,32.0
1263,2016/06/17,31.0
1264,2016/06/18,31.0
1265,2016/06/19,32.0
1266,2016/06/20,31.0
1267,2016/06/21,30.0
1268,2016/06/22,32.0
1269,2016/06/23,33.0
1270,2016/06/24,33.0
1271,2016/06/25,33.0
1272,2016/06/26,31.0
1273,2016/06/27,33.0
1274,2016/06/28,34.0
1275,2016/06/29,33.0
1276,2016/06/30,30.0
1277,2016/07/01,32.0
1278,2016/07/02,33.0
1279,2016/07/03,33.0
1280,2016/07/04,33.0
1281,2016/07/05,33.0
1282,2016/07/06,33.0
1283,2016/07/07,30.0
1284,2016/07/08,28.0
1285,2016/07/09,30.0
1286,2016/07/10,31.0
1287,2016/07/11,31.0
1288,2016/07/12,31.0
1289,2016/07/13,32.0
1290,2016/07/14,32.0
1291,2016/07/15,32.0
1292,2016/07/16,32.0
1293,2016/07/17,33.0
1294,2016/07/18,32.0
1295,2016/07/19,31.0
1296,2016/07/20,33.0
1297,2016/07/21,32.0
1298,2016/07/22,32.0
1299,2016/07/23,32.0
1300,2016/07/24,32.0
1301,2016/07/25,32.0
1302,2016/07/26,32.0
1303,2016/07/27,33.0
1304,2016/07/28,33.0
1305,2016/07/29,33.0
1306,2016/07/30,32.0
1307,2016/07/31,32.0
1308,2016/08/01,33.0
1309,2016/08/02,32.0
1310,2016/08/03,32.0
1311,2016/08/04,32.0
1312,2016/08/05,33.0
1313,2016/08/06,34.0
1314,2016/08/07,32.0
1315,2016/08/08,33.0
1316,2016/08/09,33.0
1317,2016/08/10,32.0
1318,2016/08/11,27.0
1319,2016/08/12,30.0
1320,2016/08/13,28.0
1321,2016/08/14,31.0
1322,2016/08/15,32.0
1323,2016/08/16,32.0
1324,2016/08/17,31.0
1325,2016/08/18,31.0
1326,2016/08/19,31.0
1327,2016/08/20,32.0
1328,2016/08/21,32.0
1329,2016/08/22,32.0
1330,2016/08/23,33.0
1331,2016/08/24,33.0
1332,2016/08/25,32.0
1333,2016/08/26,33.0
1334,2016/08/27,33.0
1335,2016/08/28,28.0
1336,2016/08/29,29.0
1337,2016/08/30,28.0
1338,2016/08/31,30.0
1339,2016/09/01,31.0
1340,2016/09/02,31.0
1341,2016/09/03,31.0
1342,2016/09/04,30.0
1343,2016/09/05,27.0
1344,2016/09/06,31.0
1345,2016/09/07,31.0
1346,2016/09/08,31.0
1347,2016/09/09,28.0
1348,2016/09/10,30.0
1349,2016/09/11,30.0
1350,2016/09/12,30.0
1351,2016/09/13,31.0
1352,2016/09/14,29.0
1353,2016/09/15,28.0
1354,2016/09/16,31.0
1355,2016/09/17,26.0
1356,2016/09/18,30.0
1357,2016/09/19,28.0
1358,2016/09/20,26.0
1359,2016/09/21,27.0
1360,2016/09/22,26.0
1361,2016/09/23,27.0
1362,2016/09/24,27.0
1363,2016/09/25,25.0
1364,2016/09/26,29.0
1365,2016/09/27,27.0
1366,2016/09/28,30.0
1367,2016/09/29,30.0
1368,2016/09/30,31.0
1369,2016/10/01,29.0
1370,2016/10/02,29.0
1371,2016/10/03,30.0
1372,2016/10/04,29.0
1373,2016/10/05,29.0
1374,2016/10/06,30.0
1375,2016/10/07,27.0
1376,2016/10/08,27.0
1377,2016/10/09,24.0
1378,2016/10/10,24.0
1379,2016/10/11,26.0
1380,2016/10/12,27.0
1381,2016/10/13,26.0
1382,2016/10/14,26.0
1383,2016/10/15,28.0
1384,2016/10/16,27.0
1385,2016/10/17,28.0
1386,2016/10/18,30.0
1387,2016/10/19,28.0
1388,2016/10/20,28.0
1389,2016/10/21,27.0
1390,2016/10/22,30.0
1391,2016/10/23,30.0
1392,2016/10/24,25.0
1393,2016/10/25,29.0
1394,2016/10/26,30.0
1395,2016/10/27,29.0
1396,2016/10/28,30.0
1397,2016/10/29,24.0
1398,2016/10/30,22.0
1399,2016/10/31,25.0
1400,2016/11/01,22.0
1401,2016/11/02,20.0
1402,2016/11/03,20.0
1403,2016/11/04,21.0
1404,2016/11/05,27.0
1405,2016/11/06,26.0
1406,2016/11/07,24.0
1407,2016/11/08,27.0
1408,2016/11/09,19.0
1409,2016/11/10,21.0
1410,2016/11/11,20.0
1411,2016/11/12,26.0
1412,2016/11/13,27.0
1413,2016/11/14,27.0
1414,2016/11/15,25.0
1415,2016/11/16,23.0
1416,2016/11/17,26.0
1417,2016/11/18,27.0
1418,2016/11/19,28.0
1419,2016/11/20,25.0
1420,2016/11/21,23.0
1421,2016/11/22,25.0
1422,2016/11/23,20.0
1423,2016/11/24,19.0
1424,2016/11/25,20.0
1425,2016/11/26,24.0
1426,2016/11/27,19.0
1427,2016/11/28,19.0
1428,2016/11/29,19.0
1429,2016/11/30,22.0
1430,2016/12/01,21.0
1431,2016/12/02,19.0
1432,2016/12/03,21.0
1433,2016/12/04,25.0
1434,2016/12/05,22.0
1435,2016/12/06,20.0
1436,2016/12/07,18.0
1437,2016/12/08,19.0
1438,2016/12/09,20.0
1439,2016/12/10,20.0
1440,2016/12/11,19.0
1441,2016/12/12,24.0
1442,2016/12/13,23.0
1443,2016/12/14,20.0
1444,2016/12/15,15.0
1445,2016/12/16,15.0
1446,2016/12/17,17.0
1447,2016/12/18,22.0
1448,2016/12/19,22.0
1449,2016/12/20,24.0
1450,2016/12/21,24.0
1451,2016/12/22,25.0
1452,2016/12/23,18.0
1453,2016/12/24,18.0
1454,2016/12/25,22.0
1455,2016/12/26,24.0
1456,2016/12/27,17.0
1457,2016/12/28,14.0
1458,2016/12/29,16.0
1459,2016/12/30,17.0
1460,2016/12/31,19.0
1461,2017/01/01,21.0
1462,2017/01/02,24.0
1463,2017/01/03,20.0
1464,2017/01/04,22.0
1465,2017/01/05,24.0
1466,2017/01/06,22.0
1467,2017/01/07,23.0
1468,2017/01/08,22.0
1469,2017/01/09,17.0
1470,2017/01/10,18.0
1471,2017/01/11,19.0
1472,2017/01/12,21.0
1473,2017/01/13,17.0
1474,2017/01/14,13.0
1475,2017/01/15,14.0
1476,2017/01/16,15.0
1477,2017/01/17,17.0
1478,2017/01/18,22.0
1479,2017/01/19,22.0
1480,2017/01/20,15.0
1481,2017/01/21,14.0
1482,2017/01/22,16.0
1483,2017/01/23,14.0
1484,2017/01/24,14.0
1485,2017/01/25,15.0
1486,2017/01/26,15.0
1487,2017/01/27,21.0
1488,2017/01/28,22.0
1489,2017/01/29,23.0
1490,2017/01/30,20.0
1491,2017/01/31,15.0
1492,2017/02/01,17.0
1493,2017/02/02,15.0
1494,2017/02/03,20.0
1495,2017/02/04,18.0
1496,2017/02/05,21.0
1497,2017/02/06,17.0
1498,2017/02/07,17.0
1499,2017/02/08,21.0
1500,2017/02/09,13.0
1501,2017/02/10,12.0
1502,2017/02/11,12.0
1503,2017/02/12,13.0
1504,2017/02/13,15.0
1505,2017/02/14,18.0
1506,2017/02/15,20.0
1507,2017/02/16,22.0
1508,2017/02/17,24.0
1509,2017/02/18,21.0
1510,2017/02/19,21.0
1511,2017/02/20,24.0
1512,2017/02/21,17.0
1513,2017/02/22,24.0
1514,2017/02/23,18.0
1515,2017/02/24,15.0
1516,2017/02/25,15.0
1517,2017/02/26,16.0
1518,2017/02/27,15.0
1519,2017/02/28,15.0
1520,2017/03/01,18.0
1521,2017/03/02,16.0
1522,2017/03/03,17.0
1523,2017/03/04,21.0
1524,2017/03/05,23.0
1525,2017/03/06,17.0
1526,2017/03/07,15.0
1527,2017/03/08,14.0
1528,2017/03/09,15.0
1529,2017/03/10,17.0
1530,2017/03/11,19.0
1531,2017/03/12,22.0
1532,2017/03/13,23.0
1533,2017/03/14,15.0
1534,2017/03/15,16.0
1535,2017/03/16,18.0
1536,2017/03/17,19.0
1537,2017/03/18,23.0
1538,2017/03/19,21.0
1539,2017/03/20,25.0
1540,2017/03/21,19.0
1541,2017/03/22,20.0
1542,2017/03/23,25.0
1543,2017/03/24,20.0
1544,2017/03/25,19.0
1545,2017/03/26,14.0
1546,2017/03/27,21.0
1547,2017/03/28,22.0
1548,2017/03/29,24.0
1549,2017/03/30,24.0
1550,2017/03/31,26.0
1551,2017/04/01,18.0
1552,2017/04/02,20.0
1553,2017/04/03,22.0
1554,2017/04/04,23.0
1555,2017/04/05,24.0
1556,2017/04/06,25.0
1557,2017/04/07,25.0
1558,2017/04/08,26.0
1559,2017/04/09,27.0
1560,2017/04/10,29.0
1561,2017/04/11,21.0
1562,2017/04/12,19.0
1563,2017/04/13,18.0
1564,2017/04/14,25.0
1565,2017/04/15,27.0
1566,2017/04/16,27.0
1567,2017/04/17,27.0
1568,2017/04/18,27.0
1569,2017/04/19,28.0
1570,2017/04/20,28.0
1571,2017/04/21,27.0
1572,2017/04/22,20.0
1573,2017/04/23,20.0
1574,2017/04/24,21.0
1575,2017/04/25,25.0
1576,2017/04/26,27.0
1577,2017/04/27,18.0
1578,2017/04/28,21.0
1579,2017/04/29,23.0
1580,2017/04/30,26.0
1581,2017/05/01,27.0
1582,2017/05/02,26.0
1583,2017/05/03,27.0
1584,2017/05/04,28.0
1585,2017/05/05,28.0
1586,2017/05/06,27.0
1587,2017/05/07,24.0
1588,2017/05/08,28.0
1589,2017/05/09,29.0
1590,2017/05/10,28.0
1591,2017/05/11,29.0
1592,2017/05/12,28.0
1593,2017/05/13,27.0
1594,2017/05/14,26.0
1595,2017/05/15,28.0
1596,2017/05/16,22.0
1597,2017/05/17,24.0
1598,2017/05/18,26.0
1599,2017/05/19,24.0
1600,2017/05/20,24.0
1601,2017/05/21,24.0
1602,2017/05/22,26.0
1603,2017/05/23,28.0
1604,2017/05/24,30.0
1605,2017/05/25,24.0
1606,2017/05/26,25.0
1607,2017/05/27,25.0
1608,2017/05/28,22.0
1609,2017/05/29,25.0
1610,2017/05/30,29.0
1611,2017/05/31,29.0
1612,2017/06/01,32.0
1613,2017/06/02,26.0
1614,2017/06/03,25.0
1615,2017/06/04,30.0
1616,2017/06/05,28.0
1617,2017/06/06,34.0
1618,2017/06/07,35.0
1619,2017/06/08,33.0
1620,2017/06/09,34.0
1621,2017/06/10,34.0
1622,2017/06/11,35.0
1623,2017/06/12,34.0
1624,2017/06/13,34.0
1625,2017/06/14,27.0
1626,2017/06/15,23.0
1627,2017/06/16,26.0
1628,2017/06/17,26.0
1629,2017/06/18,24.0
1630,2017/06/19,26.0
1631,2017/06/20,29.0
1632,2017/06/21,30.0
1633,2017/06/22,31.0
1634,2017/06/23,31.0
1635,2017/06/24,32.0
1636,2017/06/25,32.0
1637,2017/06/26,31.0
1638,2017/06/27,31.0
1639,2017/06/28,31.0
1640,2017/06/29,32.0
1641,2017/06/30,32.0
1642,2017/07/01,33.0
1643,2017/07/02,32.0
1644,2017/07/03,32.0
1645,2017/07/04,32.0
1646,2017/07/05,33.0
1647,2017/07/06,33.0
1648,2017/07/07,31.0
1649,2017/07/08,31.0
1650,2017/07/09,32.0
1651,2017/07/10,33.0
1652,2017/07/11,33.0
1653,2017/07/12,34.0
1654,2017/07/13,33.0
1655,2017/07/14,34.0
1656,2017/07/15,33.0
1657,2017/07/16,33.0
1658,2017/07/17,30.0
1659,2017/07/18,32.0
1660,2017/07/19,34.0
1661,2017/07/20,33.0
1662,2017/07/21,33.0
1663,2017/07/22,35.0
1664,2017/07/23,34.0
1665,2017/07/24,33.0
1666,2017/07/25,32.0
1667,2017/07/26,33.0
1668,2017/07/27,33.0
1669,2017/07/28,33.0
1670,2017/07/29,29.0
1671,2017/07/31,30.0
1672,2017/08/01,31.0
1673,2017/08/02,32.0
1674,2017/08/03,32.0
1675,2017/08/04,32.0
1676,2017/08/05,33.0
1677,2017/08/06,33.0
1678,2017/08/07,34.0
1679,2017/08/08,33.0
1680,2017/08/09,33.0
1681,2017/08/10,33.0
1682,2017/08/11,34.0
1683,2017/08/12,33.0
1684,2017/08/13,32.0
1685,2017/08/14,33.0
1686,2017/08/15,33.0
1687,2017/08/16,33.0
1688,2017/08/17,32.0
1689,2017/08/18,32.0
1690,2017/08/19,32.0
1691,2017/08/20,33.0
1692,2017/08/21,32.0
1693,2017/08/22,32.0
1694,2017/08/23,30.0
1695,2017/08/24,31.0
1696,2017/08/25,32.0
1697,2017/08/26,33.0
1698,2017/08/27,33.0
1699,2017/08/28,32.0
1700,2017/08/29,32.0
1701,2017/08/30,31.0
1702,2017/08/31,31.0
1703,2017/09/01,29.0
1704,2017/09/02,25.0
1705,2017/09/03,26.0
1706,2017/09/04,30.0
1707,2017/09/05,31.0
1708,2017/09/06,33.0
1709,2017/09/07,31.0
1710,2017/09/08,32.0
1711,2017/09/09,30.0
1712,2017/09/10,31.0
1713,2017/09/11,31.0
1714,2017/09/12,32.0
1715,2017/09/13,30.0
1716,2017/09/14,31.0
1717,2017/09/15,34.0
1718,2017/09/16,32.0
1719,2017/09/17,29.0
1720,2017/09/18,27.0
1721,2017/09/19,30.0
1722,2017/09/20,32.0
1723,2017/09/21,31.0
1724,2017/09/22,32.0
1725,2017/09/23,32.0
1726,2017/09/24,32.0
1727,2017/09/25,32.0
1728,2017/09/26,32.0
1729,2017/09/27,32.0
1730,2017/09/28,33.0
1731,2017/09/29,28.0
1732,2017/09/30,30.0
1733,2017/10/01,31.0
1734,2017/10/02,32.0
1735,2017/10/03,31.0
1736,2017/10/04,26.0
1737,2017/10/05,28.0
1738,2017/10/06,29.0
1739,2017/10/07,26.0
1740,2017/10/08,29.0
1741,2017/10/09,30.0
1742,2017/10/10,26.0
1743,2017/10/11,28.0
1744,2017/10/12,25.0
1745,2017/10/13,25.0
1746,2017/10/14,27.0
1747,2017/10/15,25.0
1748,2017/10/16,28.0
1749,2017/10/17,27.0
1750,2017/10/18,27.0
1751,2017/10/19,25.0
1752,2017/10/20,23.0
1753,2017/10/21,23.0
1754,2017/10/22,24.0
1755,2017/10/23,23.0
1756,2017/10/24,23.0
1757,2017/10/25,22.0
1758,2017/10/26,25.0
1759,2017/10/27,25.0
1760,2017/10/28,25.0
1761,2017/10/29,25.0
1762,2017/10/30,21.0
1763,2017/10/31,21.0
1764,2017/11/01,26.0
1765,2017/11/02,28.0
1766,2017/11/03,24.0
1767,2017/11/04,19.0
1768,2017/11/05,19.0
1769,2017/11/06,24.0
1770,2017/11/07,28.0
1771,2017/11/08,24.0
1772,2017/11/09,22.0
1773,2017/11/10,26.0
1774,2017/11/11,21.0
1775,2017/11/12,21.0
1776,2017/11/13,23.0
1777,2017/11/14,24.0
1778,2017/11/15,22.0
1779,2017/11/16,25.0
1780,2017/11/17,27.0
1781,2017/11/18,22.0
1782,2017/11/19,17.0
1783,2017/11/20,19.0
1784,2017/11/21,20.0
1785,2017/11/22,25.0
1786,2017/11/23,18.0
1787,2017/11/24,16.0
1788,2017/11/25,18.0
1789,2017/11/26,23.0
1790,2017/11/27,20.0
1791,2017/11/28,26.0
1792,2017/11/29,26.0
1793,2017/11/30,22.0
1794,2017/12/01,18.0
1795,2017/12/02,19.0
1796,2017/12/03,20.0
1797,2017/12/04,21.0
1798,2017/12/05,16.0
1799,2017/12/06,15.0
1800,2017/12/07,17.0
1801,2017/12/08,15.0
1802,2017/12/09,15.0
1803,2017/12/10,21.0
1804,2017/12/11,17.0
1805,2017/12/12,16.0
1806,2017/12/13,17.0
1807,2017/12/14,18.0
1808,2017/12/15,19.0
1809,2017/12/16,18.0
1810,2017/12/17,13.0
1811,2017/12/18,14.0
1812,2017/12/19,14.0
1813,2017/12/20,17.0
1814,2017/12/21,15.0
1815,2017/12/22,20.0
1816,2017/12/23,22.0
1817,2017/12/24,24.0
1818,2017/12/25,16.0
1819,2017/12/26,16.0
1820,2017/12/27,16.0
1821,2017/12/28,20.0
1822,2017/12/29,21.0
1823,2017/12/30,17.0
1824,2017/12/31,16.0
1825,2018/01/01,14.5
1826,2018/01/02,16.8
1827,2018/01/03,20.5
1828,2018/01/04,20.4
1829,2018/01/05,18.9
1830,2018/01/06,16.5
1831,2018/01/07,17.9
1832,2018/01/08,20.7
1833,2018/01/09,12.6
1834,2018/01/10,13.6
1835,2018/01/11,13.6
1836,2018/01/12,12.4
1837,2018/01/13,14.0
1838,2018/01/14,17.6
1839,2018/01/15,19.5
1840,2018/01/16,20.7
1841,2018/01/17,19.5
1842,2018/01/18,19.4
1843,2018/01/19,18.9
1844,2018/01/20,18.0
1845,2018/01/21,17.7
1846,2018/01/22,18.4
1847,2018/01/23,19.9
1848,2018/01/24,15.6
1849,2018/01/25,15.3
1850,2018/01/26,15.3
1851,2018/01/27,14.8
1852,2018/01/28,20.4
1853,2018/01/29,13.2
1854,2018/01/30,12.5
1855,2018/01/31,15.4
1856,2018/02/01,12.7
1857,2018/02/02,13.7
1858,2018/02/03,10.6
1859,2018/02/04,10.7
1860,2018/02/05,9.1
1861,2018/02/06,10.2
1862,2018/02/07,10.3
1863,2018/02/08,11.2
1864,2018/02/09,16.9
1865,2018/02/10,22.2
1866,2018/02/11,13.4
1867,2018/02/12,13.3
1868,2018/02/13,14.2
1869,2018/02/14,19.0
1870,2018/02/15,24.6
1871,2018/02/16,24.8
1872,2018/02/17,15.8
1873,2018/02/18,22.2
1874,2018/02/19,24.4
1875,2018/02/20,23.5
1876,2018/02/21,18.4
1877,2018/02/22,15.5
1878,2018/02/23,14.7
1879,2018/02/24,20.6
1880,2018/02/25,22.2
1881,2018/02/26,15.6
1882,2018/02/27,22.1
1883,2018/02/28,23.5
1884,2018/03/01,21.9
1885,2018/03/02,21.9
1886,2018/03/03,25.0
1887,2018/03/04,25.8
1888,2018/03/05,28.0
1889,2018/03/06,17.0
1890,2018/03/07,19.5
1891,2018/03/08,15.7
1892,2018/03/09,13.6
1893,2018/03/10,18.1
1894,2018/03/11,21.2
1895,2018/03/12,22.5
1896,2018/03/13,23.6
1897,2018/03/14,25.0
1898,2018/03/15,22.9
1899,2018/03/16,22.3
1900,2018/03/17,20.6
1901,2018/03/18,23.9
1902,2018/03/19,26.3
1903,2018/03/20,25.3
1904,2018/03/21,17.7
1905,2018/03/22,17.0
1906,2018/03/23,20.4
1907,2018/03/24,22.2
1908,2018/03/25,23.8
1909,2018/03/26,24.3
1910,2018/03/27,24.8
1911,2018/03/28,23.8
1912,2018/03/29,26.0
1913,2018/03/30,20.1
1914,2018/03/31,25.2
1915,2018/04/01,25.9
1916,2018/04/02,25.7
1917,2018/04/03,26.3
1918,2018/04/04,24.7
1919,2018/04/05,26.5
1920,2018/04/06,24.7
1921,2018/04/07,15.2
1922,2018/04/08,19.1
1923,2018/04/09,23.9
1924,2018/04/10,25.0
1925,2018/04/11,27.2
1926,2018/04/12,26.4
1927,2018/04/13,28.5
1928,2018/04/14,27.4
1929,2018/04/15,19.1
1930,2018/04/16,18.3
1931,2018/04/17,17.8
1932,2018/04/18,21.2
1933,2018/04/19,24.4
1934,2018/04/20,24.8
1935,2018/04/21,26.0
1936,2018/04/22,27.3
1937,2018/04/23,29.2
1938,2018/04/24,27.5
1939,2018/04/25,20.1
1940,2018/04/26,22.3
1941,2018/04/27,24.8
1942,2018/04/28,23.6
1943,2018/04/29,27.5
1944,2018/04/30,29.0
1945,2018/05/01,29.8
1946,2018/05/02,30.0
1947,2018/05/03,20.0
1948,2018/05/04,22.1
1949,2018/05/05,27.3
1950,2018/05/06,29.7
1951,2018/05/07,28.1
1952,2018/05/08,26.7
1953,2018/05/09,23.0
1954,2018/05/10,22.9
1955,2018/05/11,26.6
1956,2018/05/12,28.5
1957,2018/05/13,29.8
1958,2018/05/14,29.9
1959,2018/05/15,30.2
1960,2018/05/16,32.0
1961,2018/05/17,32.3
1962,2018/05/18,30.7
1963,2018/05/19,30.9
1964,2018/05/20,31.7
1965,2018/05/21,31.1
1966,2018/05/22,29.9
1967,2018/05/23,30.3
1968,2018/05/24,27.2
1969,2018/05/25,30.6
1970,2018/05/26,30.8
1971,2018/05/27,31.2
1972,2018/05/28,32.2
1973,2018/05/29,31.7
1974,2018/05/30,33.0
1975,2018/05/31,32.6
1976,2018/06/01,24.2
1977,2018/06/02,25.1
1978,2018/06/03,29.1
1979,2018/06/04,28.2
1980,2018/06/05,31.1
1981,2018/06/06,31.5
1982,2018/06/07,29.2
1983,2018/06/08,30.1
1984,2018/06/09,30.1
1985,2018/06/10,29.6
1986,2018/06/11,25.9
1987,2018/06/12,30.3
1988,2018/06/13,24.5
1989,2018/06/14,28.1
1990,2018/06/15,25.3
1991,2018/06/16,29.2
1992,2018/06/17,28.1
1993,2018/06/18,29.1
1994,2018/06/19,30.1
1995,2018/06/20,29.0
1996,2018/06/21,28.5
1997,2018/06/22,27.8
1998,2018/06/23,27.6
1999,2018/06/24,27.7
2000,2018/06/25,28.9
2001,2018/06/26,27.8
2002,2018/06/27,27.4
2003,2018/06/28,30.8
2004,2018/06/29,31.0
2005,2018/06/30,30.7
2006,2018/07/01,31.0
2007,2018/07/02,30.7
2008,2018/07/03,32.4
2009,2018/07/04,31.0
2010,2018/07/05,30.7
2011,2018/07/06,32.5
2012,2018/07/07,31.7
2013,2018/07/08,32.4
2014,2018/07/09,32.4
2015,2018/07/10,32.1
2016,2018/07/11,28.5
2017,2018/07/12,31.3
2018,2018/07/13,34.0
2019,2018/07/14,34.3
2020,2018/07/15,34.1
2021,2018/07/16,31.0
2022,2018/07/17,33.6
2023,2018/07/18,31.7
2024,2018/07/19,31.1
2025,2018/07/20,29.3
2026,2018/07/21,33.6
2027,2018/07/22,31.8
2028,2018/07/23,30.0
2029,2018/07/24,32.6
2030,2018/07/25,32.1
2031,2018/07/26,33.1
2032,2018/07/27,32.7
2033,2018/07/28,32.9
2034,2018/07/29,33.0
2035,2018/07/30,33.0
2036,2018/07/31,33.3
2037,2018/08/01,33.8
2038,2018/08/02,33.6
2039,2018/08/03,32.4
2040,2018/08/04,33.1
2041,2018/08/05,31.7
2042,2018/08/06,32.9
2043,2018/08/07,32.6
2044,2018/08/08,32.0
2045,2018/08/09,32.4
2046,2018/08/10,33.0
2047,2018/08/11,34.5
2048,2018/08/12,35.5
2049,2018/08/13,31.6
2050,2018/08/14,32.8
2051,2018/08/15,31.4
2052,2018/08/16,31.9
2053,2018/08/17,32.6
2054,2018/08/18,32.3
2055,2018/08/19,31.1
2056,2018/08/20,31.2
2057,2018/08/21,32.1
2058,2018/08/22,32.1
2059,2018/08/23,31.8
2060,2018/08/24,30.2
2061,2018/08/25,30.9
2062,2018/08/26,29.5
2063,2018/08/27,30.7
2064,2018/08/28,30.0
2065,2018/08/29,29.1
2066,2018/08/30,29.9
2067,2018/08/31,30.6
2068,2018/09/01,30.4
2069,2018/09/02,31.1
2070,2018/09/03,31.9
2071,2018/09/04,31.8
2072,2018/09/05,32.7
2073,2018/09/06,31.7
2074,2018/09/07,32.3
2075,2018/09/08,31.0
2076,2018/09/09,30.1
2077,2018/09/10,24.2
2078,2018/09/11,29.0
2079,2018/09/12,30.8
2080,2018/09/13,32.0
2081,2018/09/14,31.6
2082,2018/09/15,29.7
2083,2018/09/16,29.6
2084,2018/09/17,32.0
2085,2018/09/18,31.2
2086,2018/09/19,31.6
2087,2018/09/20,31.1
2088,2018/09/21,31.4
2089,2018/09/22,31.6
2090,2018/09/23,30.9
2091,2018/09/24,26.4
2092,2018/09/25,27.0
2093,2018/09/26,25.5
2094,2018/09/27,28.7
2095,2018/09/28,25.8
2096,2018/09/29,26.0
2097,2018/09/30,27.1
2098,2018/10/01,29.6
2099,2018/10/02,26.7
2100,2018/10/03,26.9
2101,2018/10/04,26.5
2102,2018/10/05,29.8
2103,2018/10/06,27.1
2104,2018/10/07,24.4
2105,2018/10/08,23.6
2106,2018/10/09,23.8
2107,2018/10/10,22.6
2108,2018/10/11,21.3
2109,2018/10/12,20.2
2110,2018/10/13,20.7
2111,2018/10/14,23.1
2112,2018/10/15,25.9
2113,2018/10/16,26.6
2114,2018/10/17,22.5
2115,2018/10/18,21.9
2116,2018/10/19,20.8
2117,2018/10/20,21.0
2118,2018/10/21,24.4
2119,2018/10/22,27.0
2120,2018/10/23,26.2
2121,2018/10/24,25.0
2122,2018/10/25,27.3
2123,2018/10/26,28.6
2124,2018/10/27,22.7
2125,2018/10/28,23.6
2126,2018/10/29,25.1
2127,2018/10/30,23.9
2128,2018/10/31,20.7
2129,2018/11/01,19.1
2130,2018/11/02,21.6
2131,2018/11/03,23.9
2132,2018/11/04,25.8
2133,2018/11/05,22.8
2134,2018/11/06,24.9
2135,2018/11/07,26.7
2136,2018/11/08,27.6
2137,2018/11/09,22.6
2138,2018/11/10,23.4
2139,2018/11/11,26.6
2140,2018/11/12,25.6
2141,2018/11/13,24.9
2142,2018/11/14,21.0
2143,2018/11/15,23.5
2144,2018/11/16,26.4
2145,2018/11/17,21.7
2146,2018/11/18,27.2
2147,2018/11/19,22.3
2148,2018/11/20,21.2
2149,2018/11/21,25.2
2150,2018/11/22,18.9
2151,2018/11/23,17.7
2152,2018/11/24,19.7
2153,2018/11/25,25.0
2154,2018/11/26,21.7
2155,2018/11/27,20.9
2156,2018/11/28,21.6
2157,2018/11/29,21.0
2158,2018/11/30,24.1
2159,2018/12/01,24.7
2160,2018/12/02,25.5
2161,2018/12/03,26.4
2162,2018/12/04,27.1
2163,2018/12/05,21.0
2164,2018/12/06,26.5
2165,2018/12/07,18.7
2166,2018/12/08,17.6
2167,2018/12/09,18.5
2168,2018/12/10,21.7
2169,2018/12/11,24.1
2170,2018/12/12,17.8
2171,2018/12/13,17.2
2172,2018/12/14,17.4
2173,2018/12/15,18.2
2174,2018/12/16,22.0
2175,2018/12/17,17.8
2176,2018/12/18,19.3
2177,2018/12/19,21.0
2178,2018/12/20,23.0
2179,2018/12/21,24.5
2180,2018/12/22,25.2
2181,2018/12/23,22.7
2182,2018/12/24,18.3
2183,2018/12/25,22.3
2184,2018/12/26,25.5
2185,2018/12/27,19.6
2186,2018/12/28,15.3
2187,2018/12/29,12.9
2188,2018/12/30,15.2
2189,2018/12/31,16.6
